evse_id,postal_cod,latitude,longitude,port_type,ZCTA5CE10,AFFGEOID10,GEOID10,ALAND10,AWATER10
5064.000000000000000,64145.000000000000000,38.884265999999997,-94.607437000000004,Level 2,"64145",8600000US64145,"64145","17067411","144490"
5403.000000000000000,64108.000000000000000,39.084739999999996,-94.587158000000002,Level 2,"64108",8600000US64108,"64108","9405486","4803"
6256.000000000000000,64154.000000000000000,39.300255000000000,-94.663673000000003,Level 2,"64154",8600000US64154,"64154","36046647","115690"
9733.000000000000000,64105.000000000000000,39.093589999999999,-94.587508999999997,Level 2,"64108",8600000US64108,"64108","9405486","4803"
9737.000000000000000,64105.000000000000000,39.093589999999999,-94.587485999999998,Level 2,"64108",8600000US64108,"64108","9405486","4803"
34293.000000000000000,64110.000000000000000,39.040058000000002,-94.571251000000004,Level 2,"64110",8600000US64110,"64110","7829737","0"
42403.000000000000000,64110.000000000000000,39.037506000000000,-94.581519999999998,Level 2,"64110",8600000US64110,"64110","7829737","0"
45003.000000000000000,64105.000000000000000,39.099476000000003,-94.583359000000002,Level 2,"64105",8600000US64105,"64105","1950214","220454"
65003.000000000000000,64110.000000000000000,39.040142000000003,-94.577545000000001,Level 2,"64110",8600000US64110,"64110","7829737","0"
82093.000000000000000,64111.000000000000000,39.044818999999997,-94.580962999999997,Level 2,"64111",8600000US64111,"64111","7051166","0"
82103.000000000000000,64110.000000000000000,39.036484000000002,-94.577354000000000,Level 2,"64110",8600000US64110,"64110","7829737","0"
82393.000000000000000,64130.000000000000000,39.036563999999998,-94.545180999999999,Level 2,"64130",8600000US64130,"64130","18655561","17491"
82493.000000000000000,64130.000000000000000,39.034775000000003,-94.554969999999997,Level 2,"64130",8600000US64130,"64130","18655561","17491"
82503.000000000000000,64130.000000000000000,39.035224999999997,-94.554832000000005,Level 2,"64130",8600000US64130,"64130","18655561","17491"
82543.000000000000000,64110.000000000000000,39.032513000000002,-94.576614000000006,Level 2,"64110",8600000US64110,"64110","7829737","0"
99439.000000000000000,64102.000000000000000,39.095790999999998,-94.604675000000000,Level 2,"64102",8600000US64102,"64102","797712","0"
103115.000000000000000,64108.000000000000000,39.078902999999997,-94.598067999999998,Level 2,"64108",8600000US64108,"64108","9405486","4803"
106405.000000000000000,64105.000000000000000,39.105998999999997,-94.588431999999997,Level 2,"64105",8600000US64105,"64105","1950214","220454"
106409.000000000000000,64105.000000000000000,39.105980000000002,-94.588431999999997,Level 2,"64105",8600000US64105,"64105","1950214","220454"
107257.000000000000000,64130.000000000000000,39.014046000000000,-94.530563000000001,Level 2,"64130",8600000US64130,"64130","18655561","17491"
107293.000000000000000,64132.000000000000000,38.968986999999998,-94.555931000000001,Level 2,"64132",8600000US64132,"64132","26394362","82487"
107305.000000000000000,64108.000000000000000,39.091217000000000,-94.583481000000006,Level 2,"64108",8600000US64108,"64108","9405486","4803"
107409.000000000000000,64112.000000000000000,39.034317000000001,-94.592376999999999,Level 2,"64112",8600000US64112,"64112","3819791","0"
107419.000000000000000,64108.000000000000000,39.087395000000001,-94.573752999999996,Level 2,"64108",8600000US64108,"64108","9405486","4803"
107429.000000000000000,64108.000000000000000,39.084522000000000,-94.575974000000002,Level 2,"64108",8600000US64108,"64108","9405486","4803"
107577.000000000000000,64158.000000000000000,39.242255999999998,-94.461196999999999,Level 2,"64158",8600000US64158,"64158","7845421","5816"
107581.000000000000000,64154.000000000000000,39.251990999999997,-94.654792999999998,Level 2,"64154",8600000US64154,"64154","36046647","115690"
108125.000000000000000,64151.000000000000000,39.244228000000000,-94.600730999999996,Level 2,"64118",8600000US64118,"64118","33176566","42790"
108151.000000000000000,64101.000000000000000,39.106495000000002,-94.594093000000001,Level 2,"64101",8600000US64101,"64101","1034828","0"
108155.000000000000000,64139.000000000000000,38.947254000000001,-94.408890000000000,Level 2,"64065",8600000US64065,"64065","1857013","20042"
108167.000000000000000,64129.000000000000000,39.049522000000003,-94.482024999999993,Level 2,"64129",8600000US64129,"64129","26844727","165701"
108375.000000000000000,64145.000000000000000,38.886443999999997,-94.605568000000005,Level 2,"64145",8600000US64145,"64145","17067411","144490"
108377.000000000000000,64153.000000000000000,39.302273000000000,-94.686858999999998,Level 2,"64153",8600000US64153,"64153","94859574","986260"
108405.000000000000000,64108.000000000000000,39.080460000000002,-94.581505000000007,Level 2,"64108",8600000US64108,"64108","9405486","4803"
108415.000000000000000,64153.000000000000000,39.312427999999997,-94.702376999999998,Level 2,"64153",8600000US64153,"64153","94859574","986260"
108419.000000000000000,64108.000000000000000,39.078327000000002,-94.579414000000000,Level 2,"64108",8600000US64108,"64108","9405486","4803"
108421.000000000000000,64153.000000000000000,39.317386999999997,-94.698340999999999,Level 2,"64153",8600000US64153,"64153","94859574","986260"
108475.000000000000000,64156.000000000000000,39.256016000000002,-94.546088999999995,Level 2,"64156",8600000US64156,"64156","36638754","25525"
108479.000000000000000,64153.000000000000000,39.317360000000001,-94.698311000000004,Level 2,"64153",8600000US64153,"64153","94859574","986260"
108973.000000000000000,64108.000000000000000,39.080460000000002,-94.581444000000005,Level 2,"64108",8600000US64108,"64108","9405486","4803"
108993.000000000000000,64108.000000000000000,39.082211000000001,-94.582053999999999,Level 2,"64108",8600000US64108,"64108","9405486","4803"
108995.000000000000000,64134.000000000000000,38.941357000000004,-94.468520999999996,Level 2,"64134",8600000US64134,"64134","30855672","2244001"
108999.000000000000000,64151.000000000000000,39.210769999999997,-94.642516999999998,Level 2,"64151",8600000US64151,"64151","34104654","532083"
109557.000000000000000,64133.000000000000000,39.004272000000000,-94.485839999999996,Level 2,"64133",8600000US64133,"64133","43132780","234135"
109579.000000000000000,64120.000000000000000,39.129486000000000,-94.511536000000007,Level 2,"64120",8600000US64120,"64120","21217901","1994001"
109665.000000000000000,64128.000000000000000,39.066147000000001,-94.543128999999993,Level 2,"64128",8600000US64128,"64128","7928289","21129"
109675.000000000000000,64120.000000000000000,39.128441000000002,-94.476601000000002,Level 2,"64120",8600000US64120,"64120","21217901","1994001"
109689.000000000000000,64116.000000000000000,39.120990999999997,-94.588806000000005,Level 2,"64116",8600000US64116,"64116","28114226","1918265"
109691.000000000000000,64132.000000000000000,38.969588999999999,-94.555289999999999,Level 2,"64132",8600000US64132,"64132","26394362","82487"
109697.000000000000000,64132.000000000000000,39.007159999999999,-94.533821000000003,Level 2,"64132",8600000US64132,"64132","26394362","82487"
109733.000000000000000,64106.000000000000000,39.108863999999997,-94.580726999999996,Level 2,"64106",8600000US64106,"64106","3993364","159794"
109735.000000000000000,64105.000000000000000,39.100448999999998,-94.587654000000001,Level 2,"64105",8600000US64105,"64105","1950214","220454"
109741.000000000000000,64110.000000000000000,39.040348000000002,-94.571274000000003,Level 2,"64110",8600000US64110,"64110","7829737","0"
109757.000000000000000,64105.000000000000000,39.099598000000000,-94.589911999999998,Level 2,"64105",8600000US64105,"64105","1950214","220454"
109829.000000000000000,64108.000000000000000,39.079619999999998,-94.583968999999996,Level 2,"64108",8600000US64108,"64108","9405486","4803"
109835.000000000000000,64108.000000000000000,39.090645000000002,-94.582367000000005,Level 2,"64108",8600000US64108,"64108","9405486","4803"
109869.000000000000000,64105.000000000000000,39.105201999999998,-94.590698000000003,Level 2,"64105",8600000US64105,"64105","1950214","220454"
109873.000000000000000,64112.000000000000000,39.034652999999999,-94.594734000000003,Level 2,"64112",8600000US64112,"64112","3819791","0"
109881.000000000000000,64105.000000000000000,39.097828000000000,-94.584091000000001,Level 2,"64105",8600000US64105,"64105","1950214","220454"
109913.000000000000000,64127.000000000000000,39.078442000000003,-94.554787000000005,Level 2,"64127",8600000US64127,"64127","10838122","0"
109919.000000000000000,64108.000000000000000,39.086205000000000,-94.580132000000006,Level 2,"64108",8600000US64108,"64108","9405486","4803"
109921.000000000000000,64111.000000000000000,39.044846000000000,-94.580696000000003,Level 2,"64111",8600000US64111,"64111","7051166","0"
109985.000000000000000,64108.000000000000000,39.084541000000002,-94.576035000000005,Level 2,"64108",8600000US64108,"64108","9405486","4803"
109997.000000000000000,64108.000000000000000,39.085158999999997,-94.573470999999998,Level 2,"64108",8600000US64108,"64108","9405486","4803"
110073.000000000000000,64108.000000000000000,39.084778000000000,-94.573441000000003,Level 2,"64108",8600000US64108,"64108","9405486","4803"
110235.000000000000000,64130.000000000000000,39.037796000000000,-94.539337000000003,Level 2,"64130",8600000US64130,"64130","18655561","17491"
110237.000000000000000,64132.000000000000000,39.006252000000003,-94.529578999999998,Level 2,"64132",8600000US64132,"64132","26394362","82487"
110271.000000000000000,64131.000000000000000,38.989021000000001,-94.575569000000002,Level 2,"64131",8600000US64131,"64131","19261577","34078"
110275.000000000000000,64132.000000000000000,39.008316000000001,-94.531158000000005,Level 2,"64132",8600000US64132,"64132","26394362","82487"
110285.000000000000000,64106.000000000000000,39.100025000000002,-94.578856999999999,Level 2,"64106",8600000US64106,"64106","3993364","159794"
110289.000000000000000,64111.000000000000000,39.050322999999999,-94.595603999999994,Level 2,"64111",8600000US64111,"64111","7051166","0"
110295.000000000000000,64105.000000000000000,39.099575000000002,-94.586135999999996,Level 2,"64105",8600000US64105,"64105","1950214","220454"
110319.000000000000000,64108.000000000000000,39.070545000000003,-94.584023000000002,Level 2,"64111",8600000US64111,"64111","7051166","0"
110353.000000000000000,64108.000000000000000,39.073959000000002,-94.586662000000004,Level 2,"64108",8600000US64108,"64108","9405486","4803"
110415.000000000000000,64130.000000000000000,39.042319999999997,-94.531409999999994,Level 2,"64130",8600000US64130,"64130","18655561","17491"
110471.000000000000000,64108.000000000000000,39.082675999999999,-94.571944999999999,Level 2,"64108",8600000US64108,"64108","9405486","4803"
110477.000000000000000,64114.000000000000000,38.940109000000000,-94.588950999999994,Level 2,"64114",8600000US64114,"64114","18125338","6621"
110499.000000000000000,64133.000000000000000,39.052303000000002,-94.471985000000004,Level 2,"64133",8600000US64133,"64133","43132780","234135"
110503.000000000000000,64111.000000000000000,39.065060000000003,-94.583466000000001,Level 2,"64111",8600000US64111,"64111","7051166","0"
110507.000000000000000,64108.000000000000000,39.087798999999997,-94.560920999999993,Level 2,"64127",8600000US64127,"64127","10838122","0"
110509.000000000000000,64110.000000000000000,39.039028000000002,-94.566749999999999,Level 2,"64110",8600000US64110,"64110","7829737","0"
110511.000000000000000,64108.000000000000000,39.087859999999999,-94.594466999999995,Level 2,"64108",8600000US64108,"64108","9405486","4803"
110513.000000000000000,64127.000000000000000,39.088805999999998,-94.520187000000007,Level 2,"64127",8600000US64127,"64127","10838122","0"
112315.000000000000000,64157.000000000000000,39.268135000000001,-94.448668999999995,DC Fast,"64157",8600000US64157,"64157","28516017","52191"
112319.000000000000000,64112.000000000000000,39.042113999999998,-94.592140000000001,DC Fast,"64112",8600000US64112,"64112","3819791","0"
112351.000000000000000,64151.000000000000000,39.210788999999998,-94.642593000000005,DC Fast,"64151",8600000US64151,"64151","34104654","532083"
112355.000000000000000,64105.000000000000000,39.102542999999997,-94.584380999999993,DC Fast,"64105",8600000US64105,"64105","1950214","220454"
113013.000000000000000,64108.000000000000000,39.093330000000002,-94.586983000000004,Level 2,"64108",8600000US64108,"64108","9405486","4803"
113025.000000000000000,64120.000000000000000,39.123500999999997,-94.559669000000000,Level 2,"64120",8600000US64120,"64120","21217901","1994001"
113139.000000000000000,64151.000000000000000,39.245728000000000,-94.646652000000003,DC Fast,"64154",8600000US64154,"64154","36046647","115690"
113157.000000000000000,64106.000000000000000,39.099311999999998,-94.581824999999995,DC Fast,"64106",8600000US64106,"64106","3993364","159794"
113857.000000000000000,64139.000000000000000,38.976398000000003,-94.395522999999997,Level 2,"64139",8600000US64139,"64139","10620850","67868"
113871.000000000000000,64106.000000000000000,39.099964000000000,-94.579063000000005,Level 2,"64106",8600000US64106,"64106","3993364","159794"
113875.000000000000000,64106.000000000000000,39.103310000000000,-94.579048000000000,Level 2,"64106",8600000US64106,"64106","3993364","159794"
113895.000000000000000,64105.000000000000000,39.109158000000001,-94.586433000000000,Level 2,"64105",8600000US64105,"64105","1950214","220454"
113901.000000000000000,64111.000000000000000,39.046185000000001,-94.591155999999998,Level 2,"64111",8600000US64111,"64111","7051166","0"
113913.000000000000000,64120.000000000000000,39.131424000000003,-94.525772000000003,Level 2,"64120",8600000US64120,"64120","21217901","1994001"
113947.000000000000000,64132.000000000000000,38.969669000000003,-94.555915999999996,Level 2,"64132",8600000US64132,"64132","26394362","82487"
113951.000000000000000,64120.000000000000000,39.131756000000003,-94.525779999999997,Level 2,"64120",8600000US64120,"64120","21217901","1994001"
113953.000000000000000,64120.000000000000000,39.123325000000001,-94.477196000000006,Level 2,"64120",8600000US64120,"64120","21217901","1994001"
113987.000000000000000,64154.000000000000000,39.251964999999998,-94.654792999999998,Level 2,"64154",8600000US64154,"64154","36046647","115690"
113989.000000000000000,64111.000000000000000,39.053780000000003,-94.595703000000000,Level 2,"64111",8600000US64111,"64111","7051166","0"
114081.000000000000000,64111.000000000000000,39.055655999999999,-94.594002000000003,Level 2,"64111",8600000US64111,"64111","7051166","0"
114083.000000000000000,64105.000000000000000,39.086593999999998,-94.587524000000002,Level 2,"64108",8600000US64108,"64108","9405486","4803"
114087.000000000000000,64106.000000000000000,39.103172000000001,-94.579116999999997,Level 2,"64106",8600000US64106,"64106","3993364","159794"
114091.000000000000000,64105.000000000000000,39.101688000000003,-94.584793000000005,Level 2,"64105",8600000US64105,"64105","1950214","220454"
114093.000000000000000,64127.000000000000000,39.099227999999997,-94.583800999999994,Level 2,"64105",8600000US64105,"64105","1950214","220454"
114095.000000000000000,64127.000000000000000,39.093181999999999,-94.554542999999995,Level 2,"64127",8600000US64127,"64127","10838122","0"
114115.000000000000000,64127.000000000000000,39.093173999999998,-94.554405000000003,Level 2,"64127",8600000US64127,"64127","10838122","0"
114153.000000000000000,64105.000000000000000,39.100861000000002,-94.591926999999998,Level 2,"64105",8600000US64105,"64105","1950214","220454"
114201.000000000000000,64120.000000000000000,39.129489999999997,-94.511482000000001,Level 2,"64120",8600000US64120,"64120","21217901","1994001"
114209.000000000000000,64105.000000000000000,39.099583000000003,-94.586226999999994,Level 2,"64105",8600000US64105,"64105","1950214","220454"
114211.000000000000000,64108.000000000000000,39.070594999999997,-94.584014999999994,Level 2,"64111",8600000US64111,"64111","7051166","0"
114239.000000000000000,64127.000000000000000,39.088726000000001,-94.520195000000001,Level 2,"64127",8600000US64127,"64127","10838122","0"
114243.000000000000000,64105.000000000000000,39.097828000000000,-94.583984000000001,Level 2,"64105",8600000US64105,"64105","1950214","220454"
114253.000000000000000,64116.000000000000000,39.151511999999997,-94.582290999999998,Level 2,"64116",8600000US64116,"64116","28114226","1918265"
114259.000000000000000,64105.000000000000000,39.097824000000003,-94.584038000000007,Level 2,"64105",8600000US64105,"64105","1950214","220454"
114263.000000000000000,64132.000000000000000,38.969048000000001,-94.556053000000006,Level 2,"64132",8600000US64132,"64132","26394362","82487"
114355.000000000000000,64108.000000000000000,39.084479999999999,-94.576042000000001,Level 2,"64108",8600000US64108,"64108","9405486","4803"
114363.000000000000000,64108.000000000000000,39.084457000000000,-94.575989000000007,Level 2,"64108",8600000US64108,"64108","9405486","4803"
114379.000000000000000,64158.000000000000000,39.242252000000001,-94.461044000000001,Level 2,"64158",8600000US64158,"64158","7845421","5816"
114395.000000000000000,64133.000000000000000,39.045254000000000,-94.444496000000001,Level 2,"64133",8600000US64133,"64133","43132780","234135"
114405.000000000000000,64133.000000000000000,39.045200000000001,-94.444496000000001,Level 2,"64133",8600000US64133,"64133","43132780","234135"
114407.000000000000000,64108.000000000000000,39.085155000000000,-94.573502000000005,Level 2,"64108",8600000US64108,"64108","9405486","4803"
114409.000000000000000,64158.000000000000000,39.242252000000001,-94.461121000000006,Level 2,"64158",8600000US64158,"64158","7845421","5816"
114421.000000000000000,64154.000000000000000,39.251938000000003,-94.654792999999998,Level 2,"64154",8600000US64154,"64154","36046647","115690"
114439.000000000000000,64108.000000000000000,39.087398999999998,-94.573684999999998,Level 2,"64108",8600000US64108,"64108","9405486","4803"
114443.000000000000000,64999.000000000000000,39.076092000000003,-94.587295999999995,Level 2,"64108",8600000US64108,"64108","9405486","4803"
114765.000000000000000,64129.000000000000000,39.051239000000002,-94.494011000000000,Level 2,"64129",8600000US64129,"64129","26844727","165701"
114767.000000000000000,64129.000000000000000,39.047516000000002,-94.486168000000006,Level 2,"64129",8600000US64129,"64129","26844727","165701"
114779.000000000000000,64129.000000000000000,39.047545999999997,-94.486121999999995,Level 2,"64129",8600000US64129,"64129","26844727","165701"
114781.000000000000000,64133.000000000000000,39.052306999999999,-94.472176000000005,Level 2,"64133",8600000US64133,"64133","43132780","234135"
114783.000000000000000,64131.000000000000000,39.005558000000001,-94.577263000000002,Level 2,"64131",8600000US64131,"64131","19261577","34078"
114787.000000000000000,64108.000000000000000,39.073967000000003,-94.586708000000002,Level 2,"64108",8600000US64108,"64108","9405486","4803"
114801.000000000000000,64129.000000000000000,39.051169999999999,-94.494095000000002,Level 2,"64129",8600000US64129,"64129","26844727","165701"
114805.000000000000000,64130.000000000000000,39.042301000000002,-94.531409999999994,Level 2,"64130",8600000US64130,"64130","18655561","17491"
114809.000000000000000,64133.000000000000000,39.052298999999998,-94.471924000000001,Level 2,"64133",8600000US64133,"64133","43132780","234135"
114811.000000000000000,64111.000000000000000,39.065078999999997,-94.583549000000005,Level 2,"64111",8600000US64111,"64111","7051166","0"
114815.000000000000000,64108.000000000000000,39.087783999999999,-94.594573999999994,Level 2,"64108",8600000US64108,"64108","9405486","4803"
114819.000000000000000,64130.000000000000000,39.042282000000000,-94.531409999999994,Level 2,"64130",8600000US64130,"64130","18655561","17491"
114823.000000000000000,64108.000000000000000,39.087803000000001,-94.560867000000002,Level 2,"64127",8600000US64127,"64127","10838122","0"
114839.000000000000000,64133.000000000000000,39.052298999999998,-94.471855000000005,Level 2,"64133",8600000US64133,"64133","43132780","234135"
114861.000000000000000,64112.000000000000000,39.034748000000000,-94.594727000000006,Level 2,"64112",8600000US64112,"64112","3819791","0"
114869.000000000000000,64127.000000000000000,39.093178000000002,-94.554481999999993,Level 2,"64127",8600000US64127,"64127","10838122","0"
114875.000000000000000,64131.000000000000000,38.923926999999999,-94.585967999999994,Level 2,"64114",8600000US64114,"64114","18125338","6621"
114883.000000000000000,64127.000000000000000,39.092503000000001,-94.554077000000007,Level 2,"64127",8600000US64127,"64127","10838122","0"
114887.000000000000000,64118.000000000000000,39.244061000000002,-94.600371999999993,Level 2,"64118",8600000US64118,"64118","33176566","42790"
114929.000000000000000,64112.000000000000000,39.034408999999997,-94.592254999999994,Level 2,"64112",8600000US64112,"64112","3819791","0"
114935.000000000000000,64112.000000000000000,39.034374000000000,-94.592322999999993,Level 2,"64112",8600000US64112,"64112","3819791","0"
114937.000000000000000,64139.000000000000000,38.947299999999998,-94.408905000000004,Level 2,"64065",8600000US64065,"64065","1857013","20042"
114941.000000000000000,64105.000000000000000,39.101680999999999,-94.584586999999999,Level 2,"64105",8600000US64105,"64105","1950214","220454"
114943.000000000000000,64108.000000000000000,39.086863999999998,-94.585341999999997,Level 2,"64108",8600000US64108,"64108","9405486","4803"
114945.000000000000000,64106.000000000000000,39.108845000000002,-94.580771999999996,Level 2,"64106",8600000US64106,"64106","3993364","159794"
114947.000000000000000,64110.000000000000000,39.013190999999999,-94.582245000000000,Level 2,"64110",8600000US64110,"64110","7829737","0"
114957.000000000000000,64105.000000000000000,39.106017999999999,-94.588417000000007,Level 2,"64105",8600000US64105,"64105","1950214","220454"
114977.000000000000000,64108.000000000000000,39.086205000000000,-94.580108999999993,Level 2,"64108",8600000US64108,"64108","9405486","4803"
114999.000000000000000,64111.000000000000000,39.055511000000003,-94.593513000000002,Level 2,"64111",8600000US64111,"64111","7051166","0"
115005.000000000000000,64108.000000000000000,39.082214000000000,-94.582015999999996,Level 2,"64108",8600000US64108,"64108","9405486","4803"
115009.000000000000000,64111.000000000000000,39.046630999999998,-94.591651999999996,Level 2,"64111",8600000US64111,"64111","7051166","0"
115013.000000000000000,64128.000000000000000,39.066265000000001,-94.543114000000003,Level 2,"64128",8600000US64128,"64128","7928289","21129"
115015.000000000000000,64106.000000000000000,39.103180000000002,-94.578995000000006,Level 2,"64106",8600000US64106,"64106","3993364","159794"
115017.000000000000000,64108.000000000000000,39.082211000000001,-94.581992999999997,Level 2,"64108",8600000US64108,"64108","9405486","4803"
115019.000000000000000,64110.000000000000000,39.039169000000001,-94.566749999999999,Level 2,"64110",8600000US64110,"64110","7829737","0"
115031.000000000000000,64108.000000000000000,39.086201000000003,-94.580078000000000,Level 2,"64108",8600000US64108,"64108","9405486","4803"
115071.000000000000000,64108.000000000000000,39.070644000000001,-94.584014999999994,Level 2,"64111",8600000US64111,"64111","7051166","0"
115079.000000000000000,64153.000000000000000,39.317318000000000,-94.698334000000003,Level 2,"64153",8600000US64153,"64153","94859574","986260"
115107.000000000000000,64127.000000000000000,39.088768000000002,-94.520187000000007,Level 2,"64127",8600000US64127,"64127","10838122","0"
115127.000000000000000,64111.000000000000000,39.065102000000003,-94.583618000000001,Level 2,"64111",8600000US64111,"64111","7051166","0"
115145.000000000000000,64108.000000000000000,39.087795000000000,-94.594634999999997,Level 2,"64108",8600000US64108,"64108","9405486","4803"
115147.000000000000000,64128.000000000000000,39.066208000000003,-94.543120999999999,Level 2,"64128",8600000US64128,"64128","7928289","21129"
115149.000000000000000,64110.000000000000000,39.039096999999998,-94.566749999999999,Level 2,"64110",8600000US64110,"64110","7829737","0"
115151.000000000000000,64108.000000000000000,39.082675999999999,-94.572021000000007,Level 2,"64108",8600000US64108,"64108","9405486","4803"
115155.000000000000000,64112.000000000000000,39.038330000000002,-94.592620999999994,Level 2,"64112",8600000US64112,"64112","3819791","0"
115161.000000000000000,64112.000000000000000,39.034697999999999,-94.594734000000003,Level 2,"64112",8600000US64112,"64112","3819791","0"
115171.000000000000000,64106.000000000000000,39.101191999999998,-94.576279000000000,Level 2,"64106",8600000US64106,"64106","3993364","159794"
115175.000000000000000,64106.000000000000000,39.099491000000000,-94.582740999999999,Level 2,"64106",8600000US64106,"64106","3993364","159794"
115261.000000000000000,64106.000000000000000,39.101039999999998,-94.576522999999995,Level 2,"64106",8600000US64106,"64106","3993364","159794"
115267.000000000000000,64106.000000000000000,39.099369000000003,-94.582329000000001,Level 2,"64106",8600000US64106,"64106","3993364","159794"
115269.000000000000000,64156.000000000000000,39.255985000000003,-94.546081999999998,Level 2,"64156",8600000US64156,"64156","36638754","25525"
115277.000000000000000,64106.000000000000000,39.101151000000002,-94.576279000000000,Level 2,"64106",8600000US64106,"64106","3993364","159794"
115281.000000000000000,64108.000000000000000,39.086880000000001,-94.585289000000003,Level 2,"64108",8600000US64108,"64108","9405486","4803"
115297.000000000000000,64105.000000000000000,39.097855000000003,-94.584686000000005,Level 2,"64105",8600000US64105,"64105","1950214","220454"
115301.000000000000000,64105.000000000000000,39.097866000000003,-94.584632999999997,Level 2,"64105",8600000US64105,"64105","1950214","220454"
115303.000000000000000,64105.000000000000000,39.100448999999998,-94.587624000000005,Level 2,"64105",8600000US64105,"64105","1950214","220454"
115309.000000000000000,64105.000000000000000,39.101654000000003,-94.592727999999994,Level 2,"64105",8600000US64105,"64105","1950214","220454"
115325.000000000000000,64111.000000000000000,39.044955999999999,-94.587378999999999,Level 2,"64111",8600000US64111,"64111","7051166","0"
115329.000000000000000,64106.000000000000000,39.099499000000002,-94.582581000000005,Level 2,"64106",8600000US64106,"64106","3993364","159794"
115331.000000000000000,64106.000000000000000,39.101039999999998,-94.576453999999998,Level 2,"64106",8600000US64106,"64106","3993364","159794"
115335.000000000000000,64120.000000000000000,39.131340000000002,-94.480652000000006,Level 2,"64120",8600000US64120,"64120","21217901","1994001"
115339.000000000000000,64111.000000000000000,39.044865000000001,-94.587378999999999,Level 2,"64111",8600000US64111,"64111","7051166","0"
115347.000000000000000,64105.000000000000000,39.097828000000000,-94.584716999999998,Level 2,"64105",8600000US64105,"64105","1950214","220454"
115353.000000000000000,64133.000000000000000,39.045307000000001,-94.444496000000001,Level 2,"64133",8600000US64133,"64133","43132780","234135"
115373.000000000000000,64116.000000000000000,39.142147000000001,-94.579391000000001,Level 2,"64116",8600000US64116,"64116","28114226","1918265"
115415.000000000000000,64105.000000000000000,39.099227999999997,-94.583907999999994,Level 2,"64105",8600000US64105,"64105","1950214","220454"
115423.000000000000000,64999.000000000000000,39.076050000000002,-94.587303000000006,Level 2,"64108",8600000US64108,"64108","9405486","4803"
115433.000000000000000,64105.000000000000000,39.099220000000003,-94.583702000000002,Level 2,"64105",8600000US64105,"64105","1950214","220454"
115447.000000000000000,64130.000000000000000,39.037757999999997,-94.539283999999995,Level 2,"64130",8600000US64130,"64130","18655561","17491"
115449.000000000000000,64131.000000000000000,38.989128000000001,-94.575562000000005,Level 2,"64131",8600000US64131,"64131","19261577","34078"
115451.000000000000000,64108.000000000000000,39.093581999999998,-94.581917000000004,Level 2,"64108",8600000US64108,"64108","9405486","4803"
115453.000000000000000,64132.000000000000000,39.007258999999998,-94.533835999999994,Level 2,"64132",8600000US64132,"64132","26394362","82487"
115457.000000000000000,64105.000000000000000,39.099583000000003,-94.586326999999997,Level 2,"64105",8600000US64105,"64105","1950214","220454"
115459.000000000000000,64108.000000000000000,39.087798999999997,-94.560805999999999,Level 2,"64127",8600000US64127,"64127","10838122","0"
115477.000000000000000,64112.000000000000000,39.038330000000002,-94.592651000000004,Level 2,"64112",8600000US64112,"64112","3819791","0"
115487.000000000000000,64116.000000000000000,39.149639000000001,-94.549637000000004,Level 2,"64116",8600000US64116,"64116","28114226","1918265"
115507.000000000000000,64105.000000000000000,39.105209000000002,-94.590614000000002,Level 2,"64105",8600000US64105,"64105","1950214","220454"
115529.000000000000000,64132.000000000000000,39.008513999999998,-94.559410000000000,Level 2,"64132",8600000US64132,"64132","26394362","82487"
115539.000000000000000,64106.000000000000000,39.103321000000001,-94.579018000000005,Level 2,"64106",8600000US64106,"64106","3993364","159794"
115547.000000000000000,64120.000000000000000,39.129486000000000,-94.511405999999994,Level 2,"64120",8600000US64120,"64120","21217901","1994001"
115549.000000000000000,64130.000000000000000,39.037776999999998,-94.539337000000003,Level 2,"64130",8600000US64130,"64130","18655561","17491"
115555.000000000000000,64130.000000000000000,39.037785000000000,-94.539276000000001,Level 2,"64130",8600000US64130,"64130","18655561","17491"
115571.000000000000000,64132.000000000000000,39.008510999999999,-94.559471000000002,Level 2,"64132",8600000US64132,"64132","26394362","82487"
115573.000000000000000,64120.000000000000000,39.131988999999997,-94.530579000000003,Level 2,"64120",8600000US64120,"64120","21217901","1994001"
115575.000000000000000,64124.000000000000000,39.107567000000003,-94.525124000000005,Level 2,"64124",8600000US64124,"64124","4409733","0"
115579.000000000000000,64105.000000000000000,39.100200999999998,-94.586226999999994,Level 2,"64105",8600000US64105,"64105","1950214","220454"
115591.000000000000000,64108.000000000000000,39.084491999999997,-94.576042000000001,Level 2,"64108",8600000US64108,"64108","9405486","4803"
115597.000000000000000,64112.000000000000000,39.038330000000002,-94.592735000000005,Level 2,"64112",8600000US64112,"64112","3819791","0"
115601.000000000000000,64153.000000000000000,39.317298999999998,-94.698380000000000,Level 2,"64153",8600000US64153,"64153","94859574","986260"
115609.000000000000000,64111.000000000000000,39.044860999999997,-94.580619999999996,Level 2,"64111",8600000US64111,"64111","7051166","0"
115619.000000000000000,64108.000000000000000,39.073993999999999,-94.586876000000004,Level 2,"64108",8600000US64108,"64108","9405486","4803"
115621.000000000000000,64116.000000000000000,39.149044000000004,-94.569289999999995,Level 2,"64116",8600000US64116,"64116","28114226","1918265"
115623.000000000000000,64108.000000000000000,39.084823999999998,-94.573432999999994,Level 2,"64108",8600000US64108,"64108","9405486","4803"
115647.000000000000000,64139.000000000000000,38.947341999999999,-94.408928000000003,Level 2,"64065",8600000US64065,"64065","1857013","20042"
115651.000000000000000,64111.000000000000000,39.044853000000003,-94.580558999999994,Level 2,"64111",8600000US64111,"64111","7051166","0"
115653.000000000000000,64116.000000000000000,39.147559999999999,-94.550956999999997,Level 2,"64116",8600000US64116,"64116","28114226","1918265"
115667.000000000000000,64112.000000000000000,39.038338000000003,-94.592781000000002,Level 2,"64112",8600000US64112,"64112","3819791","0"
115671.000000000000000,64116.000000000000000,39.149044000000004,-94.569237000000001,Level 2,"64116",8600000US64116,"64116","28114226","1918265"
115675.000000000000000,64119.000000000000000,39.202927000000003,-94.479538000000005,Level 2,"64068",8600000US64068,"64068","223687859","2152386"
115695.000000000000000,64105.000000000000000,39.099243000000001,-94.583541999999994,Level 2,"64105",8600000US64105,"64105","1950214","220454"
116121.000000000000000,64108.000000000000000,39.080466999999999,-94.581374999999994,Level 2,"64108",8600000US64108,"64108","9405486","4803"
116129.000000000000000,64108.000000000000000,39.093395000000001,-94.586731000000000,Level 2,"64108",8600000US64108,"64108","9405486","4803"
116133.000000000000000,64108.000000000000000,39.093364999999999,-94.586890999999994,Level 2,"64108",8600000US64108,"64108","9405486","4803"
116141.000000000000000,64108.000000000000000,39.078353999999997,-94.579262000000000,Level 2,"64108",8600000US64108,"64108","9405486","4803"
116167.000000000000000,64108.000000000000000,39.090561000000001,-94.582260000000005,Level 2,"64108",8600000US64108,"64108","9405486","4803"
116191.000000000000000,64105.000000000000000,39.100014000000002,-94.590652000000006,Level 2,"64105",8600000US64105,"64105","1950214","220454"
116215.000000000000000,64116.000000000000000,39.149700000000003,-94.549637000000004,Level 2,"64116",8600000US64116,"64116","28114226","1918265"
116219.000000000000000,64105.000000000000000,39.086578000000003,-94.587494000000007,Level 2,"64108",8600000US64108,"64108","9405486","4803"
116227.000000000000000,64151.000000000000000,39.244267000000001,-94.600784000000004,Level 2,"64118",8600000US64118,"64118","33176566","42790"
116231.000000000000000,64111.000000000000000,39.044936999999997,-94.587387000000007,Level 2,"64111",8600000US64111,"64111","7051166","0"
116235.000000000000000,64108.000000000000000,39.093384000000000,-94.586799999999997,Level 2,"64108",8600000US64108,"64108","9405486","4803"
116245.000000000000000,64105.000000000000000,39.099666999999997,-94.589911999999998,Level 2,"64105",8600000US64105,"64105","1950214","220454"
116249.000000000000000,64127.000000000000000,39.078339000000000,-94.554794000000001,Level 2,"64127",8600000US64127,"64127","10838122","0"
116253.000000000000000,64154.000000000000000,39.247196000000002,-94.649299999999997,Level 2,"64154",8600000US64154,"64154","36046647","115690"
116265.000000000000000,64108.000000000000000,39.073977999999997,-94.586760999999996,Level 2,"64108",8600000US64108,"64108","9405486","4803"
116271.000000000000000,64116.000000000000000,39.121040000000001,-94.588852000000003,Level 2,"64116",8600000US64116,"64116","28114226","1918265"
116279.000000000000000,64124.000000000000000,39.107616000000000,-94.525124000000005,Level 2,"64124",8600000US64124,"64124","4409733","0"
116301.000000000000000,64154.000000000000000,39.249310000000001,-94.649413999999993,Level 2,"64154",8600000US64154,"64154","36046647","115690"
116305.000000000000000,64116.000000000000000,39.121077999999997,-94.588920999999999,Level 2,"64116",8600000US64116,"64116","28114226","1918265"
116311.000000000000000,64108.000000000000000,39.073982000000001,-94.586815000000001,Level 2,"64108",8600000US64108,"64108","9405486","4803"
116315.000000000000000,64120.000000000000000,39.132069000000001,-94.531104999999997,Level 2,"64120",8600000US64120,"64120","21217901","1994001"
116337.000000000000000,64118.000000000000000,39.183743000000000,-94.595923999999997,Level 2,"64118",8600000US64118,"64118","33176566","42790"
116339.000000000000000,64118.000000000000000,39.183784000000003,-94.595909000000006,Level 2,"64118",8600000US64118,"64118","33176566","42790"
116343.000000000000000,64105.000000000000000,39.102012999999999,-94.585921999999997,Level 2,"64105",8600000US64105,"64105","1950214","220454"
116347.000000000000000,64131.000000000000000,38.989075000000000,-94.575569000000002,Level 2,"64131",8600000US64131,"64131","19261577","34078"
116357.000000000000000,64108.000000000000000,39.083447000000000,-94.582747999999995,Level 2,"64108",8600000US64108,"64108","9405486","4803"
116361.000000000000000,64154.000000000000000,39.247196000000002,-94.649367999999996,Level 2,"64154",8600000US64154,"64154","36046647","115690"
116365.000000000000000,64154.000000000000000,39.247475000000001,-94.650756999999999,Level 2,"64154",8600000US64154,"64154","36046647","115690"
116371.000000000000000,64114.000000000000000,38.939964000000003,-94.588959000000003,Level 2,"64114",8600000US64114,"64114","18125338","6621"
116375.000000000000000,64111.000000000000000,39.055660000000003,-94.593964000000000,Level 2,"64111",8600000US64111,"64111","7051166","0"
116377.000000000000000,64120.000000000000000,39.123080999999999,-94.476500999999999,Level 2,"64120",8600000US64120,"64120","21217901","1994001"
116379.000000000000000,64105.000000000000000,39.099235999999998,-94.583800999999994,Level 2,"64105",8600000US64105,"64105","1950214","220454"
116401.000000000000000,64108.000000000000000,39.090648999999999,-94.582367000000005,Level 2,"64108",8600000US64108,"64108","9405486","4803"
116403.000000000000000,64131.000000000000000,39.005637999999998,-94.577254999999994,Level 2,"64131",8600000US64131,"64131","19261577","34078"
116407.000000000000000,64105.000000000000000,39.099224000000000,-94.583702000000002,Level 2,"64105",8600000US64105,"64105","1950214","220454"
116409.000000000000000,64108.000000000000000,39.080471000000003,-94.581496999999999,Level 2,"64108",8600000US64108,"64108","9405486","4803"
116415.000000000000000,64105.000000000000000,39.106335000000001,-94.589507999999995,Level 2,"64105",8600000US64105,"64105","1950214","220454"
116417.000000000000000,64133.000000000000000,39.052303000000002,-94.472115000000002,Level 2,"64133",8600000US64133,"64133","43132780","234135"
116421.000000000000000,64132.000000000000000,39.006180000000001,-94.529647999999995,Level 2,"64132",8600000US64132,"64132","26394362","82487"
116427.000000000000000,64132.000000000000000,39.007210000000001,-94.533828999999997,Level 2,"64132",8600000US64132,"64132","26394362","82487"
116431.000000000000000,64132.000000000000000,39.006222000000001,-94.529617000000002,Level 2,"64132",8600000US64132,"64132","26394362","82487"
116435.000000000000000,64114.000000000000000,38.939919000000003,-94.588959000000003,Level 2,"64114",8600000US64114,"64114","18125338","6621"
116441.000000000000000,64153.000000000000000,39.302219000000001,-94.686858999999998,Level 2,"64153",8600000US64153,"64153","94859574","986260"
116445.000000000000000,64153.000000000000000,39.317225999999998,-94.698372000000006,Level 2,"64153",8600000US64153,"64153","94859574","986260"
116447.000000000000000,64132.000000000000000,39.008335000000002,-94.531043999999994,Level 2,"64132",8600000US64132,"64132","26394362","82487"
116449.000000000000000,64105.000000000000000,39.102009000000002,-94.585907000000006,Level 2,"64105",8600000US64105,"64105","1950214","220454"
116459.000000000000000,64132.000000000000000,39.008327000000001,-94.531104999999997,Level 2,"64132",8600000US64132,"64132","26394362","82487"
116473.000000000000000,64111.000000000000000,39.050300999999997,-94.595657000000003,Level 2,"64111",8600000US64111,"64111","7051166","0"
116475.000000000000000,64111.000000000000000,39.050282000000003,-94.595710999999994,Level 2,"64111",8600000US64111,"64111","7051166","0"
116477.000000000000000,64105.000000000000000,39.108494000000000,-94.584693999999999,Level 2,"64105",8600000US64105,"64105","1950214","220454"
116479.000000000000000,64134.000000000000000,38.941360000000003,-94.468474999999998,Level 2,"64134",8600000US64134,"64134","30855672","2244001"
116483.000000000000000,64118.000000000000000,39.187550000000002,-94.577690000000004,Level 2,"64118",8600000US64118,"64118","33176566","42790"
116489.000000000000000,64120.000000000000000,39.123362999999998,-94.477080999999998,Level 2,"64120",8600000US64120,"64120","21217901","1994001"
116491.000000000000000,64120.000000000000000,39.123341000000003,-94.477142000000001,Level 2,"64120",8600000US64120,"64120","21217901","1994001"
116495.000000000000000,64108.000000000000000,39.088344999999997,-94.588554000000002,Level 2,"64108",8600000US64108,"64108","9405486","4803"
116497.000000000000000,64132.000000000000000,39.009273999999998,-94.545731000000004,Level 2,"64132",8600000US64132,"64132","26394362","82487"
116503.000000000000000,64132.000000000000000,39.009270000000001,-94.545661999999993,Level 2,"64132",8600000US64132,"64132","26394362","82487"
116505.000000000000000,64105.000000000000000,39.102004999999998,-94.585960000000000,Level 2,"64105",8600000US64105,"64105","1950214","220454"
116511.000000000000000,64105.000000000000000,39.108482000000002,-94.584755000000001,Level 2,"64105",8600000US64105,"64105","1950214","220454"
116517.000000000000000,64120.000000000000000,39.122973999999999,-94.476814000000005,Level 2,"64120",8600000US64120,"64120","21217901","1994001"
116521.000000000000000,64120.000000000000000,39.128487000000000,-94.476562999999999,Level 2,"64120",8600000US64120,"64120","21217901","1994001"
116527.000000000000000,64120.000000000000000,39.128532000000000,-94.476532000000006,Level 2,"64120",8600000US64120,"64120","21217901","1994001"
116529.000000000000000,64154.000000000000000,39.247428999999997,-94.650763999999995,Level 2,"64154",8600000US64154,"64154","36046647","115690"
116561.000000000000000,64153.000000000000000,39.312393000000000,-94.702492000000007,Level 2,"64153",8600000US64153,"64153","94859574","986260"
116567.000000000000000,64153.000000000000000,39.312427999999997,-94.702315999999996,Level 2,"64153",8600000US64153,"64153","94859574","986260"
116609.000000000000000,64114.000000000000000,38.957141999999997,-94.600853000000001,Level 2,"64114",8600000US64114,"64114","18125338","6621"
116651.000000000000000,64118.000000000000000,39.187550000000002,-94.577620999999994,Level 2,"64118",8600000US64118,"64118","33176566","42790"
116653.000000000000000,64116.000000000000000,39.129722999999998,-94.582024000000004,Level 2,"64116",8600000US64116,"64116","28114226","1918265"
116657.000000000000000,64134.000000000000000,38.941367999999997,-94.468445000000003,Level 2,"64134",8600000US64134,"64134","30855672","2244001"
116659.000000000000000,64129.000000000000000,39.049480000000003,-94.481994999999998,Level 2,"64129",8600000US64129,"64129","26844727","165701"
116673.000000000000000,64116.000000000000000,39.151470000000003,-94.582290999999998,Level 2,"64116",8600000US64116,"64116","28114226","1918265"
116677.000000000000000,64106.000000000000000,39.101036000000001,-94.576378000000005,Level 2,"64106",8600000US64106,"64106","3993364","159794"
116691.000000000000000,64106.000000000000000,39.099280999999998,-94.582335999999998,Level 2,"64106",8600000US64106,"64106","3993364","159794"
116695.000000000000000,64108.000000000000000,39.083447000000000,-94.582710000000006,Level 2,"64108",8600000US64108,"64108","9405486","4803"
116699.000000000000000,64153.000000000000000,39.312430999999997,-94.702552999999995,Level 2,"64153",8600000US64153,"64153","94859574","986260"
116701.000000000000000,64127.000000000000000,39.078392000000001,-94.554787000000005,Level 2,"64127",8600000US64127,"64127","10838122","0"
116727.000000000000000,64153.000000000000000,39.312427999999997,-94.702492000000007,Level 2,"64153",8600000US64153,"64153","94859574","986260"
116729.000000000000000,64153.000000000000000,39.317439999999998,-94.698318000000000,Level 2,"64153",8600000US64153,"64153","94859574","986260"
116733.000000000000000,64153.000000000000000,39.312393000000000,-94.702247999999997,Level 2,"64153",8600000US64153,"64153","94859574","986260"
116739.000000000000000,64111.000000000000000,39.055664000000000,-94.594063000000006,Level 2,"64111",8600000US64111,"64111","7051166","0"
116741.000000000000000,64131.000000000000000,38.923923000000002,-94.585846000000004,Level 2,"64114",8600000US64114,"64114","18125338","6621"
116773.000000000000000,64105.000000000000000,39.100864000000001,-94.591896000000006,Level 2,"64105",8600000US64105,"64105","1950214","220454"
116775.000000000000000,64105.000000000000000,39.101672999999998,-94.584641000000005,Level 2,"64105",8600000US64105,"64105","1950214","220454"
116779.000000000000000,64153.000000000000000,39.302169999999997,-94.686867000000007,Level 2,"64153",8600000US64153,"64153","94859574","986260"
116787.000000000000000,64108.000000000000000,39.079616999999999,-94.583861999999996,Level 2,"64108",8600000US64108,"64108","9405486","4803"
116791.000000000000000,64145.000000000000000,38.886443999999997,-94.605507000000003,Level 2,"64145",8600000US64145,"64145","17067411","144490"
116793.000000000000000,64129.000000000000000,39.049408000000000,-94.481917999999993,Level 2,"64129",8600000US64129,"64129","26844727","165701"
116795.000000000000000,64129.000000000000000,39.049441999999999,-94.481955999999997,Level 2,"64129",8600000US64129,"64129","26844727","165701"
116801.000000000000000,64129.000000000000000,39.049370000000003,-94.481880000000004,Level 2,"64129",8600000US64129,"64129","26844727","165701"
116803.000000000000000,64111.000000000000000,39.055537999999999,-94.593506000000005,Level 2,"64111",8600000US64111,"64111","7051166","0"
116807.000000000000000,64111.000000000000000,39.044860999999997,-94.587540000000004,Level 2,"64111",8600000US64111,"64111","7051166","0"
116809.000000000000000,64127.000000000000000,39.092551999999998,-94.554069999999996,Level 2,"64127",8600000US64127,"64127","10838122","0"
116811.000000000000000,64106.000000000000000,39.099476000000003,-94.582436000000001,Level 2,"64106",8600000US64106,"64106","3993364","159794"
116827.000000000000000,64120.000000000000000,39.132019000000000,-94.531097000000003,Level 2,"64120",8600000US64120,"64120","21217901","1994001"
116833.000000000000000,64105.000000000000000,39.100864000000001,-94.591865999999996,Level 2,"64105",8600000US64105,"64105","1950214","220454"
116879.000000000000000,64105.000000000000000,39.103855000000003,-94.586524999999995,Level 2,"64105",8600000US64105,"64105","1950214","220454"
116897.000000000000000,64153.000000000000000,39.290320999999999,-94.671402000000000,Level 2,"64153",8600000US64153,"64153","94859574","986260"
116957.000000000000000,64105.000000000000000,39.103859000000000,-94.586654999999993,Level 2,"64105",8600000US64105,"64105","1950214","220454"
116961.000000000000000,64153.000000000000000,39.312430999999997,-94.702438000000001,Level 2,"64153",8600000US64153,"64153","94859574","986260"
116975.000000000000000,64108.000000000000000,39.090522999999997,-94.582076999999998,Level 2,"64108",8600000US64108,"64108","9405486","4803"
116977.000000000000000,64111.000000000000000,39.053871000000001,-94.595710999999994,Level 2,"64111",8600000US64111,"64111","7051166","0"
116983.000000000000000,64105.000000000000000,39.099552000000003,-94.589920000000006,Level 2,"64105",8600000US64105,"64105","1950214","220454"
116993.000000000000000,64105.000000000000000,39.103867000000001,-94.586578000000003,Level 2,"64105",8600000US64105,"64105","1950214","220454"
117011.000000000000000,64108.000000000000000,39.090637000000001,-94.582274999999996,Level 2,"64108",8600000US64108,"64108","9405486","4803"
117015.000000000000000,64108.000000000000000,39.079616999999999,-94.583922999999999,Level 2,"64108",8600000US64108,"64108","9405486","4803"
117039.000000000000000,64105.000000000000000,39.099612999999998,-94.589843999999999,Level 2,"64105",8600000US64105,"64105","1950214","220454"
117043.000000000000000,64108.000000000000000,39.090591000000003,-94.582367000000005,Level 2,"64108",8600000US64108,"64108","9405486","4803"
117067.000000000000000,64108.000000000000000,39.078346000000003,-94.579338000000007,Level 2,"64108",8600000US64108,"64108","9405486","4803"
117073.000000000000000,64153.000000000000000,39.317405999999998,-94.698288000000005,Level 2,"64153",8600000US64153,"64153","94859574","986260"
117107.000000000000000,64153.000000000000000,39.317253000000001,-94.698402000000002,Level 2,"64153",8600000US64153,"64153","94859574","986260"
117109.000000000000000,64156.000000000000000,39.255989000000000,-94.546020999999996,Level 2,"64156",8600000US64156,"64156","36638754","25525"
117115.000000000000000,64153.000000000000000,39.317267999999999,-94.698357000000001,Level 2,"64153",8600000US64153,"64153","94859574","986260"
117123.000000000000000,64153.000000000000000,39.317340999999999,-94.698363999999998,Level 2,"64153",8600000US64153,"64153","94859574","986260"
117125.000000000000000,64153.000000000000000,39.317478000000001,-94.698295999999999,Level 2,"64153",8600000US64153,"64153","94859574","986260"
117177.000000000000000,64108.000000000000000,39.083519000000003,-94.580619999999996,Level 2,"64108",8600000US64108,"64108","9405486","4803"
117473.000000000000000,64132.000000000000000,39.009262000000000,-94.545601000000005,Level 2,"64132",8600000US64132,"64132","26394362","82487"
117519.000000000000000,64127.000000000000000,39.093131999999997,-94.554405000000003,Level 2,"64127",8600000US64127,"64127","10838122","0"
117529.000000000000000,64114.000000000000000,38.957084999999999,-94.600853000000001,Level 2,"64114",8600000US64114,"64114","18125338","6621"
117571.000000000000000,64105.000000000000000,39.099421999999997,-94.592010000000002,Level 2,"64105",8600000US64105,"64105","1950214","220454"
117579.000000000000000,64116.000000000000000,39.151611000000003,-94.582725999999994,Level 2,"64116",8600000US64116,"64116","28114226","1918265"
117581.000000000000000,64154.000000000000000,39.247199999999999,-94.649422000000001,Level 2,"64154",8600000US64154,"64154","36046647","115690"
117589.000000000000000,64154.000000000000000,39.247382999999999,-94.650772000000003,Level 2,"64154",8600000US64154,"64154","36046647","115690"
117599.000000000000000,64106.000000000000000,39.101101000000000,-94.576285999999996,Level 2,"64106",8600000US64106,"64106","3993364","159794"
117607.000000000000000,64106.000000000000000,39.098412000000003,-94.581451000000001,Level 2,"64106",8600000US64106,"64106","3993364","159794"
117641.000000000000000,64105.000000000000000,39.097819999999999,-94.584762999999995,Level 2,"64105",8600000US64105,"64105","1950214","220454"
117647.000000000000000,64110.000000000000000,39.013179999999998,-94.582199000000003,Level 2,"64110",8600000US64110,"64110","7829737","0"
117705.000000000000000,64106.000000000000000,39.107264999999998,-94.559921000000003,Level 2,"64106",8600000US64106,"64106","3993364","159794"
117739.000000000000000,64108.000000000000000,39.093528999999997,-94.581917000000004,Level 2,"64108",8600000US64108,"64108","9405486","4803"
117749.000000000000000,64105.000000000000000,39.098182999999999,-94.584923000000003,Level 2,"64105",8600000US64105,"64105","1950214","220454"
117767.000000000000000,66105.000000000000000,39.099865000000001,-94.590667999999994,Level 2,"64105",8600000US64105,"64105","1950214","220454"
117829.000000000000000,64108.000000000000000,39.083511000000001,-94.580787999999998,Level 2,"64108",8600000US64108,"64108","9405486","4803"
117851.000000000000000,64116.000000000000000,39.142161999999999,-94.579284999999999,Level 2,"64116",8600000US64116,"64116","28114226","1918265"
117855.000000000000000,64106.000000000000000,39.108795000000001,-94.562140999999997,Level 2,"64106",8600000US64106,"64106","3993364","159794"
117895.000000000000000,64105.000000000000000,39.108466999999997,-94.584807999999995,Level 2,"64105",8600000US64105,"64105","1950214","220454"
117901.000000000000000,64118.000000000000000,39.183712000000000,-94.595932000000005,Level 2,"64118",8600000US64118,"64118","33176566","42790"
117909.000000000000000,64108.000000000000000,39.092509999999997,-94.565224000000001,Level 2,"64108",8600000US64108,"64108","9405486","4803"
117911.000000000000000,64151.000000000000000,39.245766000000003,-94.646713000000005,Level 2,"64154",8600000US64154,"64154","36046647","115690"
117913.000000000000000,64153.000000000000000,39.305218000000004,-94.683723000000001,Level 2,"64153",8600000US64153,"64153","94859574","986260"
117989.000000000000000,64120.000000000000000,39.131962000000001,-94.530586000000000,Level 2,"64120",8600000US64120,"64120","21217901","1994001"
118021.000000000000000,64118.000000000000000,39.187550000000002,-94.577765999999997,Level 2,"64118",8600000US64118,"64118","33176566","42790"
118025.000000000000000,64106.000000000000000,39.092319000000003,-94.565269000000001,Level 2,"64108",8600000US64108,"64108","9405486","4803"
118027.000000000000000,64116.000000000000000,39.129620000000003,-94.582031000000001,Level 2,"64116",8600000US64116,"64116","28114226","1918265"
118543.000000000000000,64151.000000000000000,39.245807999999997,-94.646736000000004,Level 2,"64154",8600000US64154,"64154","36046647","115690"
118553.000000000000000,64106.000000000000000,39.108749000000003,-94.562149000000005,Level 2,"64106",8600000US64106,"64106","3993364","159794"
118555.000000000000000,64111.000000000000000,39.053829000000000,-94.595703000000000,Level 2,"64111",8600000US64111,"64111","7051166","0"
118571.000000000000000,64153.000000000000000,39.290233999999998,-94.671394000000006,Level 2,"64153",8600000US64153,"64153","94859574","986260"
118573.000000000000000,64111.000000000000000,39.044879999999999,-94.587547000000001,Level 2,"64111",8600000US64111,"64111","7051166","0"
118593.000000000000000,64105.000000000000000,39.101669000000001,-94.584716999999998,Level 2,"64105",8600000US64105,"64105","1950214","220454"
118617.000000000000000,64105.000000000000000,39.100445000000001,-94.587601000000006,Level 2,"64105",8600000US64105,"64105","1950214","220454"
118623.000000000000000,64153.000000000000000,39.317450999999998,-94.698265000000006,Level 2,"64153",8600000US64153,"64153","94859574","986260"
118627.000000000000000,64112.000000000000000,39.038325999999998,-94.592690000000005,Level 2,"64112",8600000US64112,"64112","3819791","0"
118833.000000000000000,64111.000000000000000,39.045994000000000,-94.589805999999996,Level 2,"64111",8600000US64111,"64111","7051166","0"
118929.000000000000000,64153.000000000000000,39.312396999999997,-94.702560000000005,Level 2,"64153",8600000US64153,"64153","94859574","986260"
119585.000000000000000,64153.000000000000000,39.305095999999999,-94.683577999999997,Level 2,"64153",8600000US64153,"64153","94859574","986260"
119597.000000000000000,64108.000000000000000,39.092503000000001,-94.565162999999998,Level 2,"64108",8600000US64108,"64108","9405486","4803"
119601.000000000000000,64108.000000000000000,39.080460000000002,-94.581305999999998,Level 2,"64108",8600000US64108,"64108","9405486","4803"
119605.000000000000000,64145.000000000000000,38.886443999999997,-94.605438000000007,Level 2,"64145",8600000US64145,"64145","17067411","144490"
119621.000000000000000,64105.000000000000000,39.099460999999998,-94.591431000000000,Level 2,"64105",8600000US64105,"64105","1950214","220454"
119625.000000000000000,64105.000000000000000,39.099350000000001,-94.592017999999996,Level 2,"64105",8600000US64105,"64105","1950214","220454"
119629.000000000000000,64151.000000000000000,39.210773000000003,-94.642455999999996,Level 2,"64151",8600000US64151,"64151","34104654","532083"
119631.000000000000000,64105.000000000000000,39.099251000000002,-94.583602999999997,Level 2,"64105",8600000US64105,"64105","1950214","220454"
119651.000000000000000,64105.000000000000000,39.100445000000001,-94.587577999999993,Level 2,"64105",8600000US64105,"64105","1950214","220454"
119653.000000000000000,64116.000000000000000,39.149624000000003,-94.549644000000001,Level 2,"64116",8600000US64116,"64116","28114226","1918265"
119655.000000000000000,64116.000000000000000,39.142150999999998,-94.579338000000007,Level 2,"64116",8600000US64116,"64116","28114226","1918265"
119687.000000000000000,64105.000000000000000,39.105198000000001,-94.590508000000000,Level 2,"64105",8600000US64105,"64105","1950214","220454"
119759.000000000000000,64153.000000000000000,39.312393000000000,-94.702309000000000,Level 2,"64153",8600000US64153,"64153","94859574","986260"
119761.000000000000000,64153.000000000000000,39.312393000000000,-94.702370000000002,Level 2,"64153",8600000US64153,"64153","94859574","986260"
119807.000000000000000,64153.000000000000000,39.312427999999997,-94.702254999999994,Level 2,"64153",8600000US64153,"64153","94859574","986260"
123779.000000000000000,64155.000000000000000,39.268093000000000,-94.448623999999995,DC Fast,"64157",8600000US64157,"64157","28516017","52191"
126057.000000000000000,64111.000000000000000,39.045997999999997,-94.589752000000004,Level 2,"64111",8600000US64111,"64111","7051166","0"
128759.000000000000000,64120.000000000000000,39.122985999999997,-94.476898000000006,Level 2,"64120",8600000US64120,"64120","21217901","1994001"
128941.000000000000000,64106.000000000000000,39.104080000000003,-94.574005000000000,Level 2,"64106",8600000US64106,"64106","3993364","159794"
143195.000000000000000,64111.000000000000000,39.044823000000001,-94.587547000000001,Level 2,"64111",8600000US64111,"64111","7051166","0"
143237.000000000000000,64101.000000000000000,39.106537000000003,-94.594123999999994,Level 2,"64101",8600000US64101,"64101","1034828","0"
143241.000000000000000,64106.000000000000000,39.100014000000002,-94.579055999999994,Level 2,"64106",8600000US64106,"64106","3993364","159794"
143285.000000000000000,64106.000000000000000,39.098407999999999,-94.581260999999998,Level 2,"64106",8600000US64106,"64106","3993364","159794"
143561.000000000000000,64111.000000000000000,39.046185000000001,-94.591117999999994,Level 2,"64111",8600000US64111,"64111","7051166","0"
143575.000000000000000,64111.000000000000000,39.045997999999997,-94.589866999999998,Level 2,"64111",8600000US64111,"64111","7051166","0"
143629.000000000000000,64106.000000000000000,39.098419000000000,-94.581389999999999,Level 2,"64106",8600000US64106,"64106","3993364","159794"
143637.000000000000000,64111.000000000000000,39.046185000000001,-94.591080000000005,Level 2,"64111",8600000US64111,"64111","7051166","0"
143639.000000000000000,64108.000000000000000,39.082680000000003,-94.572074999999998,Level 2,"64108",8600000US64108,"64108","9405486","4803"
143643.000000000000000,64120.000000000000000,39.131656999999997,-94.525779999999997,Level 2,"64120",8600000US64120,"64120","21217901","1994001"
143739.000000000000000,64120.000000000000000,39.131476999999997,-94.525779999999997,Level 2,"64120",8600000US64120,"64120","21217901","1994001"
143757.000000000000000,64101.000000000000000,39.106579000000004,-94.594154000000003,Level 2,"64101",8600000US64101,"64101","1034828","0"
143779.000000000000000,64120.000000000000000,39.131737000000001,-94.525825999999995,Level 2,"64120",8600000US64120,"64120","21217901","1994001"
143791.000000000000000,64132.000000000000000,38.969611999999998,-94.555931000000001,Level 2,"64132",8600000US64132,"64132","26394362","82487"
143797.000000000000000,64120.000000000000000,39.131270999999998,-94.525795000000002,Level 2,"64120",8600000US64120,"64120","21217901","1994001"
143801.000000000000000,64154.000000000000000,39.249282999999998,-94.649413999999993,Level 2,"64154",8600000US64154,"64154","36046647","115690"
143809.000000000000000,64120.000000000000000,39.131790000000002,-94.525818000000001,Level 2,"64120",8600000US64120,"64120","21217901","1994001"
143813.000000000000000,64120.000000000000000,39.131321000000000,-94.525786999999994,Level 2,"64120",8600000US64120,"64120","21217901","1994001"
143883.000000000000000,64153.000000000000000,39.305171999999999,-94.683678000000000,Level 2,"64153",8600000US64153,"64153","94859574","986260"
143885.000000000000000,64153.000000000000000,39.305137999999999,-94.683623999999995,Level 2,"64153",8600000US64153,"64153","94859574","986260"
143897.000000000000000,64120.000000000000000,39.131377999999998,-94.525779999999997,Level 2,"64120",8600000US64120,"64120","21217901","1994001"
144019.000000000000000,64133.000000000000000,39.052303000000002,-94.472046000000006,Level 2,"64133",8600000US64133,"64133","43132780","234135"
144023.000000000000000,64120.000000000000000,39.131549999999997,-94.525795000000002,Level 2,"64120",8600000US64120,"64120","21217901","1994001"
144037.000000000000000,64120.000000000000000,39.131714000000002,-94.525779999999997,Level 2,"64120",8600000US64120,"64120","21217901","1994001"
144075.000000000000000,64120.000000000000000,39.131526999999998,-94.525772000000003,Level 2,"64120",8600000US64120,"64120","21217901","1994001"
144091.000000000000000,64120.000000000000000,39.131808999999997,-94.525779999999997,Level 2,"64120",8600000US64120,"64120","21217901","1994001"
144103.000000000000000,64133.000000000000000,39.004272000000000,-94.485771000000000,Level 2,"64133",8600000US64133,"64133","43132780","234135"
144121.000000000000000,64133.000000000000000,39.004272000000000,-94.485709999999997,Level 2,"64133",8600000US64133,"64133","43132780","234135"
144187.000000000000000,64106.000000000000000,39.098415000000003,-94.581337000000005,Level 2,"64106",8600000US64106,"64106","3993364","159794"
144199.000000000000000,64108.000000000000000,39.083534000000000,-94.580687999999995,Level 2,"64108",8600000US64108,"64108","9405486","4803"
144297.000000000000000,64139.000000000000000,38.976394999999997,-94.395668000000001,Level 2,"64139",8600000US64139,"64139","10620850","67868"
144413.000000000000000,64105.000000000000000,39.101619999999997,-94.592735000000005,Level 2,"64105",8600000US64105,"64105","1950214","220454"
144417.000000000000000,64139.000000000000000,38.976394999999997,-94.395599000000004,Level 2,"64139",8600000US64139,"64139","10620850","67868"
144419.000000000000000,64105.000000000000000,39.109146000000003,-94.586533000000003,Level 2,"64105",8600000US64105,"64105","1950214","220454"
144425.000000000000000,64106.000000000000000,39.099894999999997,-94.578971999999993,Level 2,"64106",8600000US64106,"64106","3993364","159794"
144437.000000000000000,64106.000000000000000,39.104084000000000,-94.574119999999994,Level 2,"64106",8600000US64106,"64106","3993364","159794"
144551.000000000000000,64105.000000000000000,39.102020000000003,-94.586005999999998,Level 2,"64105",8600000US64105,"64105","1950214","220454"
144569.000000000000000,64153.000000000000000,39.290398000000003,-94.671431999999996,Level 2,"64153",8600000US64153,"64153","94859574","986260"
144689.000000000000000,64105.000000000000000,39.109153999999997,-94.586472000000001,Level 2,"64105",8600000US64105,"64105","1950214","220454"
144731.000000000000000,64105.000000000000000,39.086559000000001,-94.587479000000002,Level 2,"64108",8600000US64108,"64108","9405486","4803"
144759.000000000000000,64106.000000000000000,39.104084000000000,-94.574066000000002,Level 2,"64106",8600000US64106,"64106","3993364","159794"
144765.000000000000000,64132.000000000000000,39.008502999999997,-94.559524999999994,Level 2,"64132",8600000US64132,"64132","26394362","82487"
144787.000000000000000,64116.000000000000000,39.149723000000002,-94.549628999999996,Level 2,"64116",8600000US64116,"64116","28114226","1918265"
144827.000000000000000,64105.000000000000000,39.099499000000002,-94.591414999999998,Level 2,"64105",8600000US64105,"64105","1950214","220454"
144903.000000000000000,64108.000000000000000,39.086891000000001,-94.585235999999995,Level 2,"64108",8600000US64108,"64108","9405486","4803"
145023.000000000000000,64106.000000000000000,39.102428000000003,-94.579514000000003,Level 2,"64106",8600000US64106,"64106","3993364","159794"
145033.000000000000000,64108.000000000000000,39.090614000000002,-94.582092000000003,Level 2,"64108",8600000US64108,"64108","9405486","4803"
145109.000000000000000,64153.000000000000000,39.312393000000000,-94.702431000000004,Level 2,"64153",8600000US64153,"64153","94859574","986260"
145111.000000000000000,64108.000000000000000,39.083449999999999,-94.582802000000001,Level 2,"64108",8600000US64108,"64108","9405486","4803"
145115.000000000000000,64105.000000000000000,39.103836000000001,-94.586731000000000,Level 2,"64105",8600000US64105,"64105","1950214","220454"
145155.000000000000000,64116.000000000000000,39.147475999999997,-94.551108999999997,Level 2,"64116",8600000US64116,"64116","28114226","1918265"
145181.000000000000000,64105.000000000000000,39.099567000000000,-94.589843999999999,Level 2,"64105",8600000US64105,"64105","1950214","220454"
157099.000000000000000,64106.000000000000000,39.103026999999997,-94.581726000000003,Level 2,"64106",8600000US64106,"64106","3993364","159794"
157195.000000000000000,64106.000000000000000,39.103085000000000,-94.581717999999995,Level 2,"64106",8600000US64106,"64106","3993364","159794"
157197.000000000000000,64106.000000000000000,39.102947000000000,-94.581726000000003,Level 2,"64106",8600000US64106,"64106","3993364","159794"
166747.000000000000000,64131.000000000000000,38.923923000000002,-94.585739000000004,Level 2,"64114",8600000US64114,"64114","18125338","6621"
173281.000000000000000,64120.000000000000000,39.131577000000000,-94.525772000000003,Level 2,"64120",8600000US64120,"64120","21217901","1994001"
185123.000000000000000,64108.000000000000000,39.087817999999999,-94.588736999999995,Level 2,"64108",8600000US64108,"64108","9405486","4803"
220056.000000000000000,64131.000000000000000,39.005679999999998,-94.577254999999994,Level 2,"64131",8600000US64131,"64131","19261577","34078"
220058.000000000000000,64113.000000000000000,39.014735999999999,-94.589584000000002,Level 2,"64113",8600000US64113,"64113","6460876","0"
220062.000000000000000,64129.000000000000000,39.051200999999999,-94.494056999999998,Level 2,"64129",8600000US64129,"64129","26844727","165701"
220182.000000000000000,64129.000000000000000,39.047482000000002,-94.486214000000004,Level 2,"64129",8600000US64129,"64129","26844727","165701"
220290.000000000000000,64124.000000000000000,39.107536000000003,-94.525124000000005,Level 2,"64124",8600000US64124,"64124","4409733","0"
220316.000000000000000,64105.000000000000000,39.101734000000000,-94.592727999999994,Level 2,"64105",8600000US64105,"64105","1950214","220454"
235551.000000000000000,64105.000000000000000,39.100242999999999,-94.586250000000007,Level 2,"64105",8600000US64105,"64105","1950214","220454"
237281.000000000000000,64105.000000000000000,39.100174000000003,-94.586135999999996,Level 2,"64105",8600000US64105,"64105","1950214","220454"
415861.000000000000000,64105.000000000000000,39.099379999999996,-94.583968999999996,Level 2,"64105",8600000US64105,"64105","1950214","220454"
495591.000000000000000,64105.000000000000000,39.099379999999996,-94.584014999999994,Level 2,"64105",8600000US64105,"64105","1950214","220454"
495681.000000000000000,64105.000000000000000,39.099379999999996,-94.584068000000002,Level 2,"64105",8600000US64105,"64105","1950214","220454"
1853721.000000000000000,64116.000000000000000,39.149054999999997,-94.569182999999995,Level 2,"64116",8600000US64116,"64116","28114226","1918265"
1901501.000000000000000,64108.000000000000000,39.078887999999999,-94.598067999999998,Level 2,"64108",8600000US64108,"64108","9405486","4803"
